{
  "name": "platform",
  "main": "platform.js",
  "homepage": "https://github.com/Polymer/platform",
  "authors": [
    "The Polymer Authors"
  ],
  "description": "Integrate platform polyfills: load, build, test",
  "keywords": [
    "polymer",
    "web",
    "components"
  ],
  "license": "BSD",
  "private": true,
  "version": "0.1.1",
  "_release": "0.1.1",
  "_resolution": {
    "type": "version",
    "tag": "0.1.1",
    "commit": "e3b25b94f9e1f51f213176e4ad07283bd56c5363"
  },
  "_source": "git://github.com/Polymer/platform.git",
  "_target": "0.1.1",
  "_originalSource": "Polymer/platform"
}